Component,Origin,License,Copyright
addr2line,https://github.com/gimli-rs/addr2line,Apache-2.0 OR MIT,The addr2line Authors
adler,https://github.com/jonas-schievink/adler,0BSD OR MIT OR Apache-2.0,Jonas Schievink <jonasschievink@gmail.com>
aead,https://github.com/RustCrypto/traits,MIT OR Apache-2.0,RustCrypto Developers
aes,https://github.com/RustCrypto/block-ciphers,MIT OR Apache-2.0,RustCrypto Developers
ahash,https://github.com/tkaitchuck/ahash,MIT OR Apache-2.0,Tom Kaitchuck <Tom.Kaitchuck@gmail.com>
aho-corasick,https://github.com/BurntSushi/aho-corasick,Unlicense OR MIT,Andrew Gallant <jamslam@gmail.com>
android-tzdata,https://github.com/RumovZ/android-tzdata,MIT OR Apache-2.0,RumovZ
android_system_properties,https://github.com/nical/android_system_properties,MIT OR Apache-2.0,Nicolas Silva <nical@fastmail.com>
ansi_term,https://github.com/ogham/rust-ansi-term,MIT,"ogham@bsago.me, Ryan Scheel (Havvy) <ryan.havvy@gmail.com>, Josh Triplett <josh@joshtriplett.org>"
anstream,https://github.com/rust-cli/anstyle,MIT OR Apache-2.0,The anstream Authors
anstyle,https://github.com/rust-cli/anstyle,MIT OR Apache-2.0,The anstyle Authors
anstyle-parse,https://github.com/rust-cli/anstyle,MIT OR Apache-2.0,The anstyle-parse Authors
anstyle-query,https://github.com/rust-cli/anstyle,MIT OR Apache-2.0,The anstyle-query Authors
anstyle-wincon,https://github.com/rust-cli/anstyle,MIT OR Apache-2.0,The anstyle-wincon Authors
anyhow,https://github.com/dtolnay/anyhow,MIT OR Apache-2.0,David Tolnay <dtolnay@gmail.com>
arrayvec,https://github.com/bluss/arrayvec,MIT OR Apache-2.0,bluss
async-lock,https://github.com/smol-rs/async-lock,Apache-2.0 OR MIT,Stjepan Glavina <stjepang@gmail.com>
async-trait,https://github.com/dtolnay/async-trait,MIT OR Apache-2.0,David Tolnay <dtolnay@gmail.com>
backtrace,https://github.com/rust-lang/backtrace-rs,MIT OR Apache-2.0,The Rust Project Developers
base16,https://github.com/thomcc/rust-base16,CC0-1.0,Thom Chiovoloni <tchiovoloni@mozilla.com>
base62,https://github.com/fbernier/base62,MIT,"François Bernier <frankbernier@gmail.com>, Chai T. Rex <ChaiTRex@users.noreply.github.com>, Kevin Darlington <kevin@outroot.com>, Christopher Tarquini <code@tarq.io>"
base64,https://github.com/marshallpierce/rust-base64,MIT OR Apache-2.0,"Alice Maz <alice@alicemaz.com>, Marshall Pierce <marshall@mpierce.org>"
base64,https://github.com/marshallpierce/rust-base64,MIT OR Apache-2.0,Marshall Pierce <marshall@mpierce.org>
bitflags,https://github.com/bitflags/bitflags,MIT OR Apache-2.0,The Rust Project Developers
bitvec,https://github.com/bitvecto-rs/bitvec,MIT,The bitvec Authors
block-buffer,https://github.com/RustCrypto/utils,MIT OR Apache-2.0,RustCrypto Developers
block-padding,https://github.com/RustCrypto/utils,MIT OR Apache-2.0,RustCrypto Developers
borsh,https://github.com/near/borsh-rs,MIT OR Apache-2.0,Near Inc <hello@near.org>
borsh-derive,https://github.com/nearprotocol/borsh,Apache-2.0,Near Inc <hello@nearprotocol.com>
bumpalo,https://github.com/fitzgen/bumpalo,MIT OR Apache-2.0,Nick Fitzgerald <fitzgen@gmail.com>
bytecheck,https://github.com/djkoloski/bytecheck,MIT,David Koloski <djkoloski@gmail.com>
bytes,https://github.com/tokio-rs/bytes,MIT,"Carl Lerche <me@carllerche.com>, Sean McArthur <sean@seanmonstar.com>"
cbc,https://github.com/RustCrypto/block-modes,MIT OR Apache-2.0,RustCrypto Developers
cesu8,https://github.com/emk/cesu8-rs,Apache-2.0 OR MIT,Eric Kidd <git@randomhacks.net>
cfb-mode,https://github.com/RustCrypto/block-modes,MIT OR Apache-2.0,RustCrypto Developers
cfg-if,https://github.com/alexcrichton/cfg-if,MIT OR Apache-2.0,Alex Crichton <alex@alexcrichton.com>
chacha20,https://github.com/RustCrypto/stream-ciphers,Apache-2.0 OR MIT,RustCrypto Developers
chacha20poly1305,https://github.com/RustCrypto/AEADs/tree/master/chacha20poly1305,Apache-2.0 OR MIT,RustCrypto Developers
charset,https://github.com/hsivonen/charset,Apache-2.0 OR MIT,Henri Sivonen <hsivonen@hsivonen.fi>
chrono,https://github.com/chronotope/chrono,MIT OR Apache-2.0,The chrono Authors
chrono-tz,https://github.com/chronotope/chrono-tz,MIT OR Apache-2.0,The chrono-tz Authors
cidr,https://github.com/stbuehler/rust-cidr,MIT,Stefan Bühler <stbuehler@web.de>
cidr-utils,https://github.com/magiclen/cidr-utils,MIT,Magic Len <len@magiclen.org>
cipher,https://github.com/RustCrypto/traits,MIT OR Apache-2.0,RustCrypto Developers
clap,https://github.com/clap-rs/clap,MIT OR Apache-2.0,The clap Authors
clap_builder,https://github.com/clap-rs/clap,MIT OR Apache-2.0,The clap_builder Authors
clap_derive,https://github.com/clap-rs/clap,MIT OR Apache-2.0,The clap_derive Authors
clap_lex,https://github.com/clap-rs/clap/tree/master/clap_lex,MIT OR Apache-2.0,The clap_lex Authors
clipboard-win,https://github.com/DoumanAsh/clipboard-win,BSL-1.0,Douman <douman@gmx.se>
codespan-reporting,https://github.com/brendanzab/codespan,Apache-2.0,Brendan Zabarauskas <bjzaba@yahoo.com.au>
colorchoice,https://github.com/rust-cli/anstyle,MIT OR Apache-2.0,The colorchoice Authors
combine,https://github.com/Marwes/combine,MIT,Markus Westerlind <marwes91@gmail.com>
community-id,https://github.com/traceflight/rs-community-id,MIT OR Apache-2.0,Julian Wang <traceflight@outlook.com>
concurrent-queue,https://github.com/smol-rs/concurrent-queue,Apache-2.0 OR MIT,"Stjepan Glavina <stjepang@gmail.com>, Taiki Endo <te316e89@gmail.com>, John Nunley <dev@notgull.net>"
convert_case,https://github.com/rutrum/convert-case,MIT,David Purdum <purdum41@gmail.com>
core-foundation,https://github.com/servo/core-foundation-rs,MIT  OR  Apache-2.0,The Servo Project Developers
cpufeatures,https://github.com/RustCrypto/utils,MIT OR Apache-2.0,RustCrypto Developers
crc32fast,https://github.com/srijs/rust-crc32fast,MIT OR Apache-2.0,"Sam Rijs <srijs@airpost.net>, Alex Crichton <alex@alexcrichton.com>"
crossbeam-channel,https://github.com/crossbeam-rs/crossbeam,MIT OR Apache-2.0,The crossbeam-channel Authors
crossbeam-epoch,https://github.com/crossbeam-rs/crossbeam,MIT OR Apache-2.0,The crossbeam-epoch Authors
crossbeam-utils,https://github.com/crossbeam-rs/crossbeam,MIT OR Apache-2.0,The crossbeam-utils Authors
crypto-common,https://github.com/RustCrypto/traits,MIT OR Apache-2.0,RustCrypto Developers
crypto_secretbox,https://github.com/RustCrypto/nacl-compat/tree/master/crypto_secretbox,Apache-2.0 OR MIT,RustCrypto Developers
csv,https://github.com/BurntSushi/rust-csv,Unlicense OR MIT,Andrew Gallant <jamslam@gmail.com>
ctr,https://github.com/RustCrypto/block-modes,MIT OR Apache-2.0,RustCrypto Developers
data-encoding,https://github.com/ia0/data-encoding,MIT,Julien Cretin <git@ia0.eu>
deranged,https://github.com/jhpratt/deranged,MIT OR Apache-2.0,Jacob Pratt <jacob@jhpratt.dev>
derive_more,https://github.com/JelteF/derive_more,MIT,Jelte Fennema <github-tech@jeltef.nl>
digest,https://github.com/RustCrypto/traits,MIT OR Apache-2.0,RustCrypto Developers
dirs-next,https://github.com/xdg-rs/dirs,MIT OR Apache-2.0,The @xdg-rs members
dirs-sys-next,https://github.com/xdg-rs/dirs/tree/master/dirs-sys,MIT OR Apache-2.0,The @xdg-rs members
dns-lookup,https://github.com/keeperofdakeys/dns-lookup,MIT OR Apache-2.0,Josh Driver <keeperofdakeys@gmail.com>
domain,https://github.com/nlnetlabs/domain,BSD-3-Clause,NLnet Labs <dns-team@nlnetlabs.nl>
dyn-clone,https://github.com/dtolnay/dyn-clone,MIT OR Apache-2.0,David Tolnay <dtolnay@gmail.com>
either,https://github.com/bluss/either,MIT OR Apache-2.0,bluss
encode_unicode,https://github.com/tormol/encode_unicode,Apache-2.0 OR MIT,Torbjørn Birch Moltu <t.b.moltu@lyse.net>
encoding_rs,https://github.com/hsivonen/encoding_rs,(Apache-2.0 OR MIT) AND BSD-3-Clause,Henri Sivonen <hsivonen@hsivonen.fi>
equivalent,https://github.com/cuviper/equivalent,Apache-2.0 OR MIT,The equivalent Authors
errno,https://github.com/lambda-fairy/rust-errno,MIT OR Apache-2.0,Chris Wong <lambda.fairy@gmail.com>
error-code,https://github.com/DoumanAsh/error-code,BSL-1.0,Douman <douman@gmx.se>
event-listener,https://github.com/smol-rs/event-listener,Apache-2.0 OR MIT,Stjepan Glavina <stjepang@gmail.com>
event-listener-strategy,https://github.com/smol-rs/event-listener,Apache-2.0 OR MIT,John Nunley <dev@notgull.net>
exitcode,https://github.com/benwilber/exitcode,Apache-2.0,Ben Wilber <benwilber@gmail.com>
flate2,https://github.com/rust-lang/flate2-rs,MIT OR Apache-2.0,"Alex Crichton <alex@alexcrichton.com>, Josh Triplett <josh@joshtriplett.org>"
funty,https://github.com/myrrlyn/funty,MIT,myrrlyn <self@myrrlyn.dev>
futures-core,https://github.com/rust-lang/futures-rs,MIT OR Apache-2.0,The futures-core Authors
futures-macro,https://github.com/rust-lang/futures-rs,MIT OR Apache-2.0,The futures-macro Authors
futures-task,https://github.com/rust-lang/futures-rs,MIT OR Apache-2.0,The futures-task Authors
futures-util,https://github.com/rust-lang/futures-rs,MIT OR Apache-2.0,The futures-util Authors
generic-array,https://github.com/fizyk20/generic-array,MIT,"Bartłomiej Kamiński <fizyk20@gmail.com>, Aaron Trent <novacrazy@gmail.com>"
getrandom,https://github.com/rust-random/getrandom,MIT OR Apache-2.0,The Rand Project Developers
gimli,https://github.com/gimli-rs/gimli,MIT OR Apache-2.0,The gimli Authors
grok,https://github.com/daschl/grok,Apache-2.0,Michael Nitschinger <michael@nitschinger.at>
hashbrown,https://github.com/rust-lang/hashbrown,MIT OR Apache-2.0,Amanieu d'Antras <amanieu@gmail.com>
heck,https://github.com/withoutboats/heck,MIT OR Apache-2.0,The heck Authors
hermit-abi,https://github.com/hermitcore/hermit-rs,MIT OR Apache-2.0,Stefan Lankes
hermit-abi,https://github.com/hermitcore/rusty-hermit,MIT OR Apache-2.0,Stefan Lankes
hex,https://github.com/KokaKiwi/rust-hex,MIT OR Apache-2.0,KokaKiwi <kokakiwi@kokakiwi.net>
hmac,https://github.com/RustCrypto/MACs,MIT OR Apache-2.0,RustCrypto Developers
home,https://github.com/rust-lang/cargo,MIT OR Apache-2.0,Brian Anderson <andersrb@gmail.com>
hostname,https://github.com/svartalf/hostname,MIT,"fengcen <fengcen.love@gmail.com>, svartalf <self@svartalf.info>"
iana-time-zone,https://github.com/strawlab/iana-time-zone,MIT OR Apache-2.0,"Andrew Straw <strawman@astraw.com>, René Kijewski <rene.kijewski@fu-berlin.de>, Ryan Lopopolo <rjl@hyperbo.la>"
iana-time-zone-haiku,https://github.com/strawlab/iana-time-zone,MIT OR Apache-2.0,René Kijewski <crates.io@k6i.de>
indexmap,https://github.com/indexmap-rs/indexmap,Apache-2.0 OR MIT,The indexmap Authors
indoc,https://github.com/dtolnay/indoc,MIT OR Apache-2.0,David Tolnay <dtolnay@gmail.com>
inout,https://github.com/RustCrypto/utils,MIT OR Apache-2.0,RustCrypto Developers
io-lifetimes,https://github.com/sunfishcode/io-lifetimes,Apache-2.0 WITH LLVM-exception OR Apache-2.0 OR MIT,Dan Gohman <dev@sunfishcode.online>
is-terminal,https://github.com/sunfishcode/is-terminal,MIT,"softprops <d.tangren@gmail.com>, Dan Gohman <dev@sunfishcode.online>"
itertools,https://github.com/rust-itertools/itertools,MIT OR Apache-2.0,bluss
itoa,https://github.com/dtolnay/itoa,MIT OR Apache-2.0,David Tolnay <dtolnay@gmail.com>
jni,https://github.com/jni-rs/jni-rs,MIT OR Apache-2.0,Josh Chase <josh@prevoty.com>
jni-sys,https://github.com/sfackler/rust-jni-sys,MIT OR Apache-2.0,Steven Fackler <sfackler@gmail.com>
js-sys,https://github.com/rustwasm/wasm-bindgen/tree/master/crates/js-sys,MIT OR Apache-2.0,The wasm-bindgen Developers
keccak,https://github.com/RustCrypto/sponges/tree/master/keccak,Apache-2.0 OR MIT,RustCrypto Developers
lalrpop-util,https://github.com/lalrpop/lalrpop,Apache-2.0 OR MIT,Niko Matsakis <niko@alum.mit.edu>
lazy_static,https://github.com/rust-lang-nursery/lazy-static.rs,MIT OR Apache-2.0,Marvin Löbel <loebel.marvin@gmail.com>
libc,https://github.com/rust-lang/libc,MIT OR Apache-2.0,The Rust Project Developers
libm,https://github.com/rust-lang/libm,MIT OR Apache-2.0,Jorge Aparicio <jorge@japaric.io>
linux-raw-sys,https://github.com/sunfishcode/linux-raw-sys,Apache-2.0 WITH LLVM-exception OR Apache-2.0 OR MIT,Dan Gohman <dev@sunfishcode.online>
log,https://github.com/rust-lang/log,MIT OR Apache-2.0,The Rust Project Developers
md-5,https://github.com/RustCrypto/hashes,MIT OR Apache-2.0,RustCrypto Developers
memchr,https://github.com/BurntSushi/memchr,Unlicense OR MIT,"Andrew Gallant <jamslam@gmail.com>, bluss"
memoffset,https://github.com/Gilnaa/memoffset,MIT,Gilad Naaman <gilad.naaman@gmail.com>
minimal-lexical,https://github.com/Alexhuszagh/minimal-lexical,MIT OR Apache-2.0,Alex Huszagh <ahuszagh@gmail.com>
miniz_oxide,https://github.com/Frommi/miniz_oxide/tree/master/miniz_oxide,MIT OR Zlib OR Apache-2.0,"Frommi <daniil.liferenko@gmail.com>, oyvindln <oyvindln@users.noreply.github.com>"
mio,https://github.com/tokio-rs/mio,MIT,"Carl Lerche <me@carllerche.com>, Thomas de Zeeuw <thomasdezeeuw@gmail.com>, Tokio Contributors <team@tokio.rs>"
moka,https://github.com/moka-rs/moka,MIT OR Apache-2.0,The moka Authors
ndk-context,https://github.com/rust-windowing/android-ndk-rs,MIT OR Apache-2.0,The Rust Windowing contributors
nix,https://github.com/nix-rust/nix,MIT,The nix-rust Project Developers
nom,https://github.com/Geal/nom,MIT,contact@geoffroycouprie.com
num-bigint,https://github.com/rust-num/num-bigint,MIT OR Apache-2.0,The Rust Project Developers
num-conv,https://github.com/jhpratt/num-conv,MIT OR Apache-2.0,Jacob Pratt <jacob@jhpratt.dev>
num-integer,https://github.com/rust-num/num-integer,MIT OR Apache-2.0,The Rust Project Developers
num-traits,https://github.com/rust-num/num-traits,MIT OR Apache-2.0,The Rust Project Developers
num_cpus,https://github.com/seanmonstar/num_cpus,MIT OR Apache-2.0,Sean McArthur <sean@seanmonstar.com>
num_enum,https://github.com/illicitonion/num_enum,BSD-3-Clause OR MIT OR Apache-2.0,"Daniel Wagner-Hall <dawagner@gmail.com>, Daniel Henry-Mantilla <daniel.henry.mantilla@gmail.com>, Vincent Esche <regexident@gmail.com>"
objc-sys,https://github.com/madsmtm/objc2,MIT,Mads Marquart <mads@marquart.dk>
objc2,https://github.com/madsmtm/objc2,MIT,"Steven Sheldon, Mads Marquart <mads@marquart.dk>"
objc2-foundation,https://github.com/madsmtm/objc2,MIT,The objc2-foundation Authors
object,https://github.com/gimli-rs/object,Apache-2.0 OR MIT,The object Authors
octseq,https://github.com/NLnetLabs/octets/,BSD-3-Clause,NLnet Labs <rust-team@nlnetlabs.nl>
ofb,https://github.com/RustCrypto/block-modes,MIT OR Apache-2.0,RustCrypto Developers
once_cell,https://github.com/matklad/once_cell,MIT OR Apache-2.0,Aleksey Kladov <aleksey.kladov@gmail.com>
onig,http://github.com/iwillspeak/rust-onig,MIT,"Will Speak <will@willspeak.me>, Ivan Ivashchenko <defuz@me.com>"
opaque-debug,https://github.com/RustCrypto/utils,MIT OR Apache-2.0,RustCrypto Developers
ordered-float,https://github.com/reem/rust-ordered-float,MIT,"Jonathan Reem <jonathan.reem@gmail.com>, Matt Brubeck <mbrubeck@limpet.net>"
owo-colors,https://github.com/jam1garner/owo-colors,MIT,jam1garner <8260240+jam1garner@users.noreply.github.com>
pad,https://github.com/ogham/rust-pad,MIT,Ben S <ogham@bsago.me>
parking,https://github.com/smol-rs/parking,Apache-2.0 OR MIT,"Stjepan Glavina <stjepang@gmail.com>, The Rust Project Developers"
parking_lot,https://github.com/Amanieu/parking_lot,MIT OR Apache-2.0,Amanieu d'Antras <amanieu@gmail.com>
paste,https://github.com/dtolnay/paste,MIT OR Apache-2.0,David Tolnay <dtolnay@gmail.com>
peeking_take_while,https://github.com/fitzgen/peeking_take_while,MIT OR Apache-2.0,Nick Fitzgerald <fitzgen@gmail.com>
pest,https://github.com/pest-parser/pest,MIT OR Apache-2.0,Dragoș Tiselice <dragostiselice@gmail.com>
phf,https://github.com/rust-phf/rust-phf,MIT,Steven Fackler <sfackler@gmail.com>
pin-project-lite,https://github.com/taiki-e/pin-project-lite,Apache-2.0 OR MIT,The pin-project-lite Authors
pin-utils,https://github.com/rust-lang-nursery/pin-utils,MIT OR Apache-2.0,Josef Brandl <mail@josefbrandl.de>
poly1305,https://github.com/RustCrypto/universal-hashes,Apache-2.0 OR MIT,RustCrypto Developers
powerfmt,https://github.com/jhpratt/powerfmt,MIT OR Apache-2.0,Jacob Pratt <jacob@jhpratt.dev>
ppv-lite86,https://github.com/cryptocorrosion/cryptocorrosion,MIT OR Apache-2.0,The CryptoCorrosion Contributors
prettydiff,https://github.com/romankoblov/prettydiff,MIT,Roman Koblov <penpen938@me.com>
prettytable-rs,https://github.com/phsym/prettytable-rs,BSD-3-Clause,Pierre-Henri Symoneaux
proc-macro-crate,https://github.com/bkchr/proc-macro-crate,MIT OR Apache-2.0,Bastian Köcher <git@kchr.de>
proc-macro-error,https://gitlab.com/CreepySkeleton/proc-macro-error,MIT OR Apache-2.0,CreepySkeleton <creepy-skeleton@yandex.ru>
proc-macro2,https://github.com/dtolnay/proc-macro2,MIT OR Apache-2.0,"David Tolnay <dtolnay@gmail.com>, Alex Crichton <alex@alexcrichton.com>"
prost,https://github.com/tokio-rs/prost,Apache-2.0,"Dan Burkert <dan@danburkert.com>, Lucio Franco <luciofranco14@gmail.com>, Casper Meijn <casper@meijn.net>, Tokio Contributors <team@tokio.rs>"
prost-reflect,https://github.com/andrewhickman/prost-reflect,MIT OR Apache-2.0,Andrew Hickman <andrew.hickman1@sky.com>
prost-types,https://github.com/tokio-rs/prost,Apache-2.0,"Dan Burkert <dan@danburkert.com>, Lucio Franco <luciofranco14@gmail.com, Tokio Contributors <team@tokio.rs>"
psl,https://github.com/addr-rs/psl,MIT OR Apache-2.0,rushmorem <rushmore@webenchanter.com>
psl-types,https://github.com/addr-rs/psl-types,MIT OR Apache-2.0,rushmorem <rushmore@webenchanter.com>
ptr_meta,https://github.com/djkoloski/ptr_meta,MIT,David Koloski <djkoloski@gmail.com>
publicsuffix,https://github.com/rushmorem/publicsuffix,MIT OR Apache-2.0,rushmorem <rushmore@webenchanter.com>
quanta,https://github.com/metrics-rs/quanta,MIT,Toby Lawrence <toby@nuclearfurnace.com>
quote,https://github.com/dtolnay/quote,MIT OR Apache-2.0,David Tolnay <dtolnay@gmail.com>
quoted_printable,https://github.com/staktrace/quoted-printable,0BSD,Kartikaya Gupta <kats@seldon.staktrace.com>
radium,https://github.com/bitvecto-rs/radium,MIT,"Nika Layzell <nika@thelayzells.com>, myrrlyn <self@myrrlyn.dev>"
rand,https://github.com/rust-random/rand,MIT OR Apache-2.0,"The Rand Project Developers, The Rust Project Developers"
rand_chacha,https://github.com/rust-random/rand,MIT OR Apache-2.0,"The Rand Project Developers, The Rust Project Developers, The CryptoCorrosion Contributors"
raw-cpuid,https://github.com/gz/rust-cpuid,MIT,Gerd Zellweger <mail@gerdzellweger.com>
redox_syscall,https://gitlab.redox-os.org/redox-os/syscall,MIT,Jeremy Soller <jackpot51@gmail.com>
redox_users,https://gitlab.redox-os.org/redox-os/users,MIT,"Jose Narvaez <goyox86@gmail.com>, Wesley Hershberger <mggmugginsmc@gmail.com>"
regex,https://github.com/rust-lang/regex,MIT OR Apache-2.0,"The Rust Project Developers, Andrew Gallant <jamslam@gmail.com>"
regex-automata,https://github.com/rust-lang/regex/tree/master/regex-automata,MIT OR Apache-2.0,"The Rust Project Developers, Andrew Gallant <jamslam@gmail.com>"
regex-syntax,https://github.com/rust-lang/regex/tree/master/regex-syntax,MIT OR Apache-2.0,"The Rust Project Developers, Andrew Gallant <jamslam@gmail.com>"
rend,https://github.com/djkoloski/rend,MIT,David Koloski <djkoloski@gmail.com>
rkyv,https://github.com/rkyv/rkyv,MIT,David Koloski <djkoloski@gmail.com>
roxmltree,https://github.com/RazrFalcon/roxmltree,MIT OR Apache-2.0,Yevhenii Reizner <razrfalcon@gmail.com>
rust_decimal,https://github.com/paupino/rust-decimal,MIT,Paul Mason <paul@form1.co.nz>
rustc-demangle,https://github.com/alexcrichton/rustc-demangle,MIT OR Apache-2.0,Alex Crichton <alex@alexcrichton.com>
rustix,https://github.com/bytecodealliance/rustix,Apache-2.0 WITH LLVM-exception OR Apache-2.0 OR MIT,"Dan Gohman <dev@sunfishcode.online>, Jakub Konka <kubkon@jakubkonka.com>"
rustversion,https://github.com/dtolnay/rustversion,MIT OR Apache-2.0,David Tolnay <dtolnay@gmail.com>
rustyline,https://github.com/kkawakam/rustyline,MIT,Katsu Kawakami <kkawa1570@gmail.com>
ryu,https://github.com/dtolnay/ryu,Apache-2.0 OR BSL-1.0,David Tolnay <dtolnay@gmail.com>
salsa20,https://github.com/RustCrypto/stream-ciphers,MIT OR Apache-2.0,RustCrypto Developers
scopeguard,https://github.com/bluss/scopeguard,MIT OR Apache-2.0,bluss
seahash,https://gitlab.redox-os.org/redox-os/seahash,MIT,"ticki <ticki@users.noreply.github.com>, Tom Almeida <tom@tommoa.me>"
serde,https://github.com/serde-rs/serde,MIT OR Apache-2.0,"Erick Tryzelaar <erick.tryzelaar@gmail.com>, David Tolnay <dtolnay@gmail.com>"
serde_json,https://github.com/serde-rs/json,MIT OR Apache-2.0,"Erick Tryzelaar <erick.tryzelaar@gmail.com>, David Tolnay <dtolnay@gmail.com>"
serde_yaml,https://github.com/dtolnay/serde-yaml,MIT OR Apache-2.0,David Tolnay <dtolnay@gmail.com>
sha-1,https://github.com/RustCrypto/hashes,MIT OR Apache-2.0,RustCrypto Developers
sha1,https://github.com/RustCrypto/hashes,MIT OR Apache-2.0,RustCrypto Developers
sha2,https://github.com/RustCrypto/hashes,MIT OR Apache-2.0,RustCrypto Developers
sha3,https://github.com/RustCrypto/hashes,MIT OR Apache-2.0,RustCrypto Developers
simdutf8,https://github.com/rusticstuff/simdutf8,MIT OR Apache-2.0,Hans Kratz <hans@appfour.com>
siphasher,https://github.com/jedisct1/rust-siphash,MIT OR Apache-2.0,Frank Denis <github@pureftpd.org>
slab,https://github.com/tokio-rs/slab,MIT,Carl Lerche <me@carllerche.com>
smallvec,https://github.com/servo/rust-smallvec,MIT OR Apache-2.0,The Servo Project Developers
snafu,https://github.com/shepmaster/snafu,MIT OR Apache-2.0,Jake Goulding <jake.goulding@gmail.com>
snap,https://github.com/BurntSushi/rust-snappy,BSD-3-Clause,Andrew Gallant <jamslam@gmail.com>
socket2,https://github.com/rust-lang/socket2,MIT OR Apache-2.0,"Alex Crichton <alex@alexcrichton.com>, Thomas de Zeeuw <thomasdezeeuw@gmail.com>"
strip-ansi-escapes,https://github.com/luser/strip-ansi-escapes,Apache-2.0 OR MIT,Ted Mielczarek <ted@mielczarek.org>
strsim,https://github.com/rapidfuzz/strsim-rs,MIT,"Danny Guo <danny@dannyguo.com>, maxbachmann <oss@maxbachmann.de>"
subtle,https://github.com/dalek-cryptography/subtle,BSD-3-Clause,"Isis Lovecruft <isis@patternsinthevoid.net>, Henry de Valence <hdevalence@hdevalence.ca>"
syn,https://github.com/dtolnay/syn,MIT OR Apache-2.0,David Tolnay <dtolnay@gmail.com>
syn_derive,https://github.com/Kyuuhachi/syn_derive,MIT OR Apache-2.0,Kyuuhachi <caagr98@gmail.com>
syslog_loose,https://github.com/FungusHumungus/syslog-loose,MIT,Stephen Wakely <fungus.humungus@gmail.com>
tagptr,https://github.com/oliver-giersch/tagptr,MIT OR Apache-2.0,Oliver Giersch
tap,https://github.com/myrrlyn/tap,MIT,"Elliott Linder <elliott.darfink@gmail.com>, myrrlyn <self@myrrlyn.dev>"
term,https://github.com/Stebalien/term,MIT OR Apache-2.0,"The Rust Project Developers, Steven Allen"
termcolor,https://github.com/BurntSushi/termcolor,Unlicense OR MIT,Andrew Gallant <jamslam@gmail.com>
thiserror,https://github.com/dtolnay/thiserror,MIT OR Apache-2.0,David Tolnay <dtolnay@gmail.com>
time,https://github.com/time-rs/time,MIT OR Apache-2.0,"Jacob Pratt <open-source@jhpratt.dev>, Time contributors"
tinyvec,https://github.com/Lokathor/tinyvec,Zlib OR Apache-2.0 OR MIT,Lokathor <zefria@gmail.com>
tinyvec_macros,https://github.com/Soveu/tinyvec_macros,MIT OR Apache-2.0 OR Zlib,Soveu <marx.tomasz@gmail.com>
tokio,https://github.com/tokio-rs/tokio,MIT,Tokio Contributors <team@tokio.rs>
toml_datetime,https://github.com/toml-rs/toml,MIT OR Apache-2.0,Alex Crichton <alex@alexcrichton.com>
toml_edit,https://github.com/toml-rs/toml,MIT OR Apache-2.0,"Andronik Ordian <write@reusable.software>, Ed Page <eopage@gmail.com>"
tracing,https://github.com/tokio-rs/tracing,MIT,"Eliza Weisman <eliza@buoyant.io>, Tokio Contributors <team@tokio.rs>"
tracing-attributes,https://github.com/tokio-rs/tracing,MIT,"Tokio Contributors <team@tokio.rs>, Eliza Weisman <eliza@buoyant.io>, David Barsky <dbarsky@amazon.com>"
tracing-core,https://github.com/tokio-rs/tracing,MIT,Tokio Contributors <team@tokio.rs>
triomphe,https://github.com/Manishearth/triomphe,MIT OR Apache-2.0,The Servo Project Developers
typenum,https://github.com/paholg/typenum,MIT OR Apache-2.0,"Paho Lurie-Gregg <paho@paholg.com>, Andre Bogus <bogusandre@gmail.com>"
uaparser,https://github.com/davidarmstronglewis/uap-rs,MIT,Ocean Lewis
ucd-trie,https://github.com/BurntSushi/ucd-generate,MIT OR Apache-2.0,Andrew Gallant <jamslam@gmail.com>
unicode-bidi,https://github.com/servo/unicode-bidi,MIT OR Apache-2.0,The Servo Project Developers
unicode-ident,https://github.com/dtolnay/unicode-ident,(MIT OR Apache-2.0) AND Unicode-DFS-2016,David Tolnay <dtolnay@gmail.com>
unicode-normalization,https://github.com/unicode-rs/unicode-normalization,MIT OR Apache-2.0,"kwantam <kwantam@gmail.com>, Manish Goregaokar <manishsmail@gmail.com>"
unicode-segmentation,https://github.com/unicode-rs/unicode-segmentation,MIT OR Apache-2.0,"kwantam <kwantam@gmail.com>, Manish Goregaokar <manishsmail@gmail.com>"
unicode-width,https://github.com/unicode-rs/unicode-width,MIT OR Apache-2.0,"kwantam <kwantam@gmail.com>, Manish Goregaokar <manishsmail@gmail.com>"
universal-hash,https://github.com/RustCrypto/traits,MIT OR Apache-2.0,RustCrypto Developers
unsafe-libyaml,https://github.com/dtolnay/unsafe-libyaml,MIT,David Tolnay <dtolnay@gmail.com>
url,https://github.com/servo/rust-url,MIT OR Apache-2.0,The rust-url developers
utf8-width,https://github.com/magiclen/utf8-width,MIT,Magic Len <len@magiclen.org>
uuid,https://github.com/uuid-rs/uuid,Apache-2.0 OR MIT,"Ashley Mannix<ashleymannix@live.com.au>, Dylan DPC<dylan.dpc@gmail.com>, Hunar Roop Kahlon<hunar.roop@gmail.com>"
valuable,https://github.com/tokio-rs/valuable,MIT,The valuable Authors
vte,https://github.com/alacritty/vte,Apache-2.0 OR MIT,"Joe Wilm <joe@jwilm.com>, Christian Duerr <contact@christianduerr.com>"
vte_generate_state_changes,https://github.com/jwilm/vte,Apache-2.0 OR MIT,Christian Duerr <contact@christianduerr.com>
wasi,https://github.com/bytecodealliance/wasi,Apache-2.0 WITH LLVM-exception OR Apache-2.0 OR MIT,The Cranelift Project Developers
wasm-bindgen,https://github.com/rustwasm/wasm-bindgen,MIT OR Apache-2.0,The wasm-bindgen Developers
wasm-bindgen-backend,https://github.com/rustwasm/wasm-bindgen/tree/master/crates/backend,MIT OR Apache-2.0,The wasm-bindgen Developers
wasm-bindgen-macro,https://github.com/rustwasm/wasm-bindgen/tree/master/crates/macro,MIT OR Apache-2.0,The wasm-bindgen Developers
wasm-bindgen-macro-support,https://github.com/rustwasm/wasm-bindgen/tree/master/crates/macro-support,MIT OR Apache-2.0,The wasm-bindgen Developers
wasm-bindgen-shared,https://github.com/rustwasm/wasm-bindgen/tree/master/crates/shared,MIT OR Apache-2.0,The wasm-bindgen Developers
web-sys,https://github.com/rustwasm/wasm-bindgen/tree/master/crates/web-sys,MIT OR Apache-2.0,The wasm-bindgen Developers
webbrowser,https://github.com/amodm/webbrowser-rs,MIT OR Apache-2.0,Amod Malviya @amodm
winapi,https://github.com/retep998/winapi-rs,MIT OR Apache-2.0,Peter Atashian <retep998@gmail.com>
winapi-util,https://github.com/BurntSushi/winapi-util,Unlicense OR MIT,Andrew Gallant <jamslam@gmail.com>
windows,https://github.com/microsoft/windows-rs,MIT OR Apache-2.0,Microsoft
winnow,https://github.com/winnow-rs/winnow,MIT,The winnow Authors
woothee,https://github.com/woothee/woothee-rust,Apache-2.0,hhatto <hhatto.jp@gmail.com>
wyz,https://github.com/myrrlyn/wyz,MIT,myrrlyn <self@myrrlyn.dev>
zeroize,https://github.com/RustCrypto/utils/tree/master/zeroize,Apache-2.0 OR MIT,The RustCrypto Project Developers
zstd,https://github.com/gyscos/zstd-rs,MIT,Alexandre Bury <alexandre.bury@gmail.com>
zstd-safe,https://github.com/gyscos/zstd-rs,MIT OR Apache-2.0,Alexandre Bury <alexandre.bury@gmail.com>
zstd-sys,https://github.com/gyscos/zstd-rs,MIT OR Apache-2.0,Alexandre Bury <alexandre.bury@gmail.com>
